user,Seller Balance,Sell Token,Buyer Balance,Buy Token,Auction Index,Sell Token Name,Sell Token Name,Sell Token Address,Buy Token Address,Sell Token Decimals,Sell Token Decimals,Seller Balance Atoms,Buyer Balance Atoms
0x43306FbE0F1c9f68CA60d9b3AF8409a86CdA6552,0,RDN,0.0009925125,WETH,14,Raiden Token,Wrapped Ether,0x255Aa6DF07540Cb5d3d297f0D0D4D84cb52bc8e6,0xC02aaA39b223FE8D0A0e5C4F27eAD9083C756Cc2,18,18,0,992512500000000
0xD6000fda0b38f4Bff4CfAb188E0bd18e8725a5e7,0,RDN,3.187858581334360749,WETH,17,Raiden Token,Wrapped Ether,0x255Aa6DF07540Cb5d3d297f0D0D4D84cb52bc8e6,0xC02aaA39b223FE8D0A0e5C4F27eAD9083C756Cc2,18,18,0,3187858581334360749
0xD6000fda0b38f4Bff4CfAb188E0bd18e8725a5e7,0,RDN,0.733566462596008377,WETH,104,Raiden Token,Wrapped Ether,0x255Aa6DF07540Cb5d3d297f0D0D4D84cb52bc8e6,0xC02aaA39b223FE8D0A0e5C4F27eAD9083C756Cc2,18,18,0,733566462596008377
0xD6000fda0b38f4Bff4CfAb188E0bd18e8725a5e7,0,RDN,5.171853272120603591,WETH,140,Raiden Token,Wrapped Ether,0x255Aa6DF07540Cb5d3d297f0D0D4D84cb52bc8e6,0xC02aaA39b223FE8D0A0e5C4F27eAD9083C756Cc2,18,18,0,5171853272120603591
0xD6000fda0b38f4Bff4CfAb188E0bd18e8725a5e7,0,RDN,0.516843303126482211,WETH,255,Raiden Token,Wrapped Ether,0x255Aa6DF07540Cb5d3d297f0D0D4D84cb52bc8e6,0xC02aaA39b223FE8D0A0e5C4F27eAD9083C756Cc2,18,18,0,516843303126482211
0xD6000fda0b38f4Bff4CfAb188E0bd18e8725a5e7,0,RDN,0.712434825780861884,WETH,296,Raiden Token,Wrapped Ether,0x255Aa6DF07540Cb5d3d297f0D0D4D84cb52bc8e6,0xC02aaA39b223FE8D0A0e5C4F27eAD9083C756Cc2,18,18,0,712434825780861884
0xD6000fda0b38f4Bff4CfAb188E0bd18e8725a5e7,0,RDN,0.413166953073561846,WETH,297,Raiden Token,Wrapped Ether,0x255Aa6DF07540Cb5d3d297f0D0D4D84cb52bc8e6,0xC02aaA39b223FE8D0A0e5C4F27eAD9083C756Cc2,18,18,0,413166953073561846
0xD6000fda0b38f4Bff4CfAb188E0bd18e8725a5e7,0,RDN,1.11748812994450648,WETH,299,Raiden Token,Wrapped Ether,0x255Aa6DF07540Cb5d3d297f0D0D4D84cb52bc8e6,0xC02aaA39b223FE8D0A0e5C4F27eAD9083C756Cc2,18,18,0,1117488129944506480
0xD6000fda0b38f4Bff4CfAb188E0bd18e8725a5e7,0,RDN,1.009432135163585177,WETH,312,Raiden Token,Wrapped Ether,0x255Aa6DF07540Cb5d3d297f0D0D4D84cb52bc8e6,0xC02aaA39b223FE8D0A0e5C4F27eAD9083C756Cc2,18,18,0,1009432135163585177
0xD6000fda0b38f4Bff4CfAb188E0bd18e8725a5e7,0,RDN,1.713308168248130927,WETH,315,Raiden Token,Wrapped Ether,0x255Aa6DF07540Cb5d3d297f0D0D4D84cb52bc8e6,0xC02aaA39b223FE8D0A0e5C4F27eAD9083C756Cc2,18,18,0,1713308168248130927
0xD6000fda0b38f4Bff4CfAb188E0bd18e8725a5e7,0,RDN,2.689105588051869812,WETH,334,Raiden Token,Wrapped Ether,0x255Aa6DF07540Cb5d3d297f0D0D4D84cb52bc8e6,0xC02aaA39b223FE8D0A0e5C4F27eAD9083C756Cc2,18,18,0,2689105588051869812
0xD6000fda0b38f4Bff4CfAb188E0bd18e8725a5e7,0,RDN,2.582036175881584507,WETH,335,Raiden Token,Wrapped Ether,0x255Aa6DF07540Cb5d3d297f0D0D4D84cb52bc8e6,0xC02aaA39b223FE8D0A0e5C4F27eAD9083C756Cc2,18,18,0,2582036175881584507
0xD6000fda0b38f4Bff4CfAb188E0bd18e8725a5e7,0,RDN,2.903965362007070777,WETH,336,Raiden Token,Wrapped Ether,0x255Aa6DF07540Cb5d3d297f0D0D4D84cb52bc8e6,0xC02aaA39b223FE8D0A0e5C4F27eAD9083C756Cc2,18,18,0,2903965362007070777
0xD6000fda0b38f4Bff4CfAb188E0bd18e8725a5e7,0,RDN,0.784084875,WETH,337,Raiden Token,Wrapped Ether,0x255Aa6DF07540Cb5d3d297f0D0D4D84cb52bc8e6,0xC02aaA39b223FE8D0A0e5C4F27eAD9083C756Cc2,18,18,0,784084875000000000
0xD6000fda0b38f4Bff4CfAb188E0bd18e8725a5e7,0,RDN,2.878401757924574992,WETH,338,Raiden Token,Wrapped Ether,0x255Aa6DF07540Cb5d3d297f0D0D4D84cb52bc8e6,0xC02aaA39b223FE8D0A0e5C4F27eAD9083C756Cc2,18,18,0,2878401757924574992
0xD6000fda0b38f4Bff4CfAb188E0bd18e8725a5e7,0,RDN,2.482653910444538803,WETH,342,Raiden Token,Wrapped Ether,0x255Aa6DF07540Cb5d3d297f0D0D4D84cb52bc8e6,0xC02aaA39b223FE8D0A0e5C4F27eAD9083C756Cc2,18,18,0,2482653910444538803
0xD6000fda0b38f4Bff4CfAb188E0bd18e8725a5e7,0,RDN,3.861226878485160527,WETH,348,Raiden Token,Wrapped Ether,0x255Aa6DF07540Cb5d3d297f0D0D4D84cb52bc8e6,0xC02aaA39b223FE8D0A0e5C4F27eAD9083C756Cc2,18,18,0,3861226878485160527
0xD6000fda0b38f4Bff4CfAb188E0bd18e8725a5e7,0,RDN,3.882437004603611998,WETH,349,Raiden Token,Wrapped Ether,0x255Aa6DF07540Cb5d3d297f0D0D4D84cb52bc8e6,0xC02aaA39b223FE8D0A0e5C4F27eAD9083C756Cc2,18,18,0,3882437004603611998
0xD6000fda0b38f4Bff4CfAb188E0bd18e8725a5e7,0,RDN,2.790606952430817796,WETH,350,Raiden Token,Wrapped Ether,0x255Aa6DF07540Cb5d3d297f0D0D4D84cb52bc8e6,0xC02aaA39b223FE8D0A0e5C4F27eAD9083C756Cc2,18,18,0,2790606952430817796
0xD6000fda0b38f4Bff4CfAb188E0bd18e8725a5e7,0,RDN,1.359742125,WETH,351,Raiden Token,Wrapped Ether,0x255Aa6DF07540Cb5d3d297f0D0D4D84cb52bc8e6,0xC02aaA39b223FE8D0A0e5C4F27eAD9083C756Cc2,18,18,0,1359742125000000000
0xD6000fda0b38f4Bff4CfAb188E0bd18e8725a5e7,0,RDN,1.994950125,WETH,357,Raiden Token,Wrapped Ether,0x255Aa6DF07540Cb5d3d297f0D0D4D84cb52bc8e6,0xC02aaA39b223FE8D0A0e5C4F27eAD9083C756Cc2,18,18,0,1994950125000000000
0xD6000fda0b38f4Bff4CfAb188E0bd18e8725a5e7,0,RDN,1.022287875,WETH,360,Raiden Token,Wrapped Ether,0x255Aa6DF07540Cb5d3d297f0D0D4D84cb52bc8e6,0xC02aaA39b223FE8D0A0e5C4F27eAD9083C756Cc2,18,18,0,1022287875000000000
0xD6000fda0b38f4Bff4CfAb188E0bd18e8725a5e7,0,RDN,0.995476214634231225,WETH,415,Raiden Token,Wrapped Ether,0x255Aa6DF07540Cb5d3d297f0D0D4D84cb52bc8e6,0xC02aaA39b223FE8D0A0e5C4F27eAD9083C756Cc2,18,18,0,995476214634231225
0xD6000fda0b38f4Bff4CfAb188E0bd18e8725a5e7,0,RDN,0.4059376125,WETH,428,Raiden Token,Wrapped Ether,0x255Aa6DF07540Cb5d3d297f0D0D4D84cb52bc8e6,0xC02aaA39b223FE8D0A0e5C4F27eAD9083C756Cc2,18,18,0,405937612500000000
0xd5bC4A8E0704C0A76b9531318a756a9FEf969F95,0,RDN,1.898881852414440701,WETH,61,Raiden Token,Wrapped Ether,0x255Aa6DF07540Cb5d3d297f0D0D4D84cb52bc8e6,0xC02aaA39b223FE8D0A0e5C4F27eAD9083C756Cc2,18,18,0,1898881852414440701
0x000000001e29fcd9B1469a7954DC65ff254FFfC0,0,RDN,2.487280371826499257,WETH,348,Raiden Token,Wrapped Ether,0x255Aa6DF07540Cb5d3d297f0D0D4D84cb52bc8e6,0xC02aaA39b223FE8D0A0e5C4F27eAD9083C756Cc2,18,18,0,2487280371826499257
0x00000000Af5A61acAf76190794E3fdf1289288A1,0,RDN,14.910315218856524644,WETH,486,Raiden Token,Wrapped Ether,0x255Aa6DF07540Cb5d3d297f0D0D4D84cb52bc8e6,0xC02aaA39b223FE8D0A0e5C4F27eAD9083C756Cc2,18,18,0,14910315218856524644
0x2dd2afA618F497EFdb3A8c1707b06DC00b31fa19,6.188379166666666667,WETH,0,OMG,191,Wrapped Ether,OMGToken,0xC02aaA39b223FE8D0A0e5C4F27eAD9083C756Cc2,0xd26114cd6EE289AccF82350c8d8487fedB8A0C07,18,18,6188379166666666667,0
0xD6000fda0b38f4Bff4CfAb188E0bd18e8725a5e7,0,WETH,131.39779954005,OMG,38,Wrapped Ether,OMGToken,0xC02aaA39b223FE8D0A0e5C4F27eAD9083C756Cc2,0xd26114cd6EE289AccF82350c8d8487fedB8A0C07,18,18,0,131397799540050000000
0xD6000fda0b38f4Bff4CfAb188E0bd18e8725a5e7,0,WETH,343.26773182663820061,OMG,95,Wrapped Ether,OMGToken,0xC02aaA39b223FE8D0A0e5C4F27eAD9083C756Cc2,0xd26114cd6EE289AccF82350c8d8487fedB8A0C07,18,18,0,343267731826638200610
0xD6000fda0b38f4Bff4CfAb188E0bd18e8725a5e7,0,WETH,3.2238,OMG,110,Wrapped Ether,OMGToken,0xC02aaA39b223FE8D0A0e5C4F27eAD9083C756Cc2,0xd26114cd6EE289AccF82350c8d8487fedB8A0C07,18,18,0,3223800000000000000
0xD6000fda0b38f4Bff4CfAb188E0bd18e8725a5e7,0,WETH,37.81,OMG,138,Wrapped Ether,OMGToken,0xC02aaA39b223FE8D0A0e5C4F27eAD9083C756Cc2,0xd26114cd6EE289AccF82350c8d8487fedB8A0C07,18,18,0,37810000000000000000
0xD6000fda0b38f4Bff4CfAb188E0bd18e8725a5e7,0,WETH,25.87,OMG,180,Wrapped Ether,OMGToken,0xC02aaA39b223FE8D0A0e5C4F27eAD9083C756Cc2,0xd26114cd6EE289AccF82350c8d8487fedB8A0C07,18,18,0,25870000000000000000
0xD6000fda0b38f4Bff4CfAb188E0bd18e8725a5e7,0,WETH,248.75,OMG,227,Wrapped Ether,OMGToken,0xC02aaA39b223FE8D0A0e5C4F27eAD9083C756Cc2,0xd26114cd6EE289AccF82350c8d8487fedB8A0C07,18,18,0,248750000000000000000
0xD6000fda0b38f4Bff4CfAb188E0bd18e8725a5e7,0,WETH,51.411195896243738412,OMG,276,Wrapped Ether,OMGToken,0xC02aaA39b223FE8D0A0e5C4F27eAD9083C756Cc2,0xd26114cd6EE289AccF82350c8d8487fedB8A0C07,18,18,0,51411195896243738412
0xD6000fda0b38f4Bff4CfAb188E0bd18e8725a5e7,0,WETH,217.2311555388528711,OMG,315,Wrapped Ether,OMGToken,0xC02aaA39b223FE8D0A0e5C4F27eAD9083C756Cc2,0xd26114cd6EE289AccF82350c8d8487fedB8A0C07,18,18,0,217231155538852871100
0xD6000fda0b38f4Bff4CfAb188E0bd18e8725a5e7,0,WETH,140.817020229405026084,OMG,322,Wrapped Ether,OMGToken,0xC02aaA39b223FE8D0A0e5C4F27eAD9083C756Cc2,0xd26114cd6EE289AccF82350c8d8487fedB8A0C07,18,18,0,140817020229405026084
0xD6000fda0b38f4Bff4CfAb188E0bd18e8725a5e7,0,WETH,29.83266295031428839,OMG,350,Wrapped Ether,OMGToken,0xC02aaA39b223FE8D0A0e5C4F27eAD9083C756Cc2,0xd26114cd6EE289AccF82350c8d8487fedB8A0C07,18,18,0,29832662950314288390
0xD6000fda0b38f4Bff4CfAb188E0bd18e8725a5e7,0,WETH,101.38055,OMG,389,Wrapped Ether,OMGToken,0xC02aaA39b223FE8D0A0e5C4F27eAD9083C756Cc2,0xd26114cd6EE289AccF82350c8d8487fedB8A0C07,18,18,0,101380550000000000000
0xD6000fda0b38f4Bff4CfAb188E0bd18e8725a5e7,0,WETH,131.604571657567765356,OMG,407,Wrapped Ether,OMGToken,0xC02aaA39b223FE8D0A0e5C4F27eAD9083C756Cc2,0xd26114cd6EE289AccF82350c8d8487fedB8A0C07,18,18,0,131604571657567765356
0xD6000fda0b38f4Bff4CfAb188E0bd18e8725a5e7,0,WETH,186.492502503401718423,OMG,411,Wrapped Ether,OMGToken,0xC02aaA39b223FE8D0A0e5C4F27eAD9083C756Cc2,0xd26114cd6EE289AccF82350c8d8487fedB8A0C07,18,18,0,186492502503401718423
0xD6000fda0b38f4Bff4CfAb188E0bd18e8725a5e7,0,WETH,25.733055930442446777,OMG,435,Wrapped Ether,OMGToken,0xC02aaA39b223FE8D0A0e5C4F27eAD9083C756Cc2,0xd26114cd6EE289AccF82350c8d8487fedB8A0C07,18,18,0,25733055930442446777
0xD6000fda0b38f4Bff4CfAb188E0bd18e8725a5e7,0,WETH,63.012525613457075884,OMG,446,Wrapped Ether,OMGToken,0xC02aaA39b223FE8D0A0e5C4F27eAD9083C756Cc2,0xd26114cd6EE289AccF82350c8d8487fedB8A0C07,18,18,0,63012525613457075884
0xD6000fda0b38f4Bff4CfAb188E0bd18e8725a5e7,0,WETH,95.523892449338432779,OMG,462,Wrapped Ether,OMGToken,0xC02aaA39b223FE8D0A0e5C4F27eAD9083C756Cc2,0xd26114cd6EE289AccF82350c8d8487fedB8A0C07,18,18,0,95523892449338432779
0xD6000fda0b38f4Bff4CfAb188E0bd18e8725a5e7,0,WETH,102.800122311158868532,OMG,615,Wrapped Ether,OMGToken,0xC02aaA39b223FE8D0A0e5C4F27eAD9083C756Cc2,0xd26114cd6EE289AccF82350c8d8487fedB8A0C07,18,18,0,102800122311158868532
0xD6000fda0b38f4Bff4CfAb188E0bd18e8725a5e7,0,WETH,35.371294764265514328,OMG,628,Wrapped Ether,OMGToken,0xC02aaA39b223FE8D0A0e5C4F27eAD9083C756Cc2,0xd26114cd6EE289AccF82350c8d8487fedB8A0C07,18,18,0,35371294764265514328
0xD6000fda0b38f4Bff4CfAb188E0bd18e8725a5e7,0,WETH,192.853510132469842494,OMG,678,Wrapped Ether,OMGToken,0xC02aaA39b223FE8D0A0e5C4F27eAD9083C756Cc2,0xd26114cd6EE289AccF82350c8d8487fedB8A0C07,18,18,0,192853510132469842494
0x50a32dd491485BFae6F85A6Fee94ef0cAdcc101c,0,WETH,280.389244894598571687,OMG,168,Wrapped Ether,OMGToken,0xC02aaA39b223FE8D0A0e5C4F27eAD9083C756Cc2,0xd26114cd6EE289AccF82350c8d8487fedB8A0C07,18,18,0,280389244894598571687
0x50a32dd491485BFae6F85A6Fee94ef0cAdcc101c,0,WETH,435.441563479676212959,OMG,213,Wrapped Ether,OMGToken,0xC02aaA39b223FE8D0A0e5C4F27eAD9083C756Cc2,0xd26114cd6EE289AccF82350c8d8487fedB8A0C07,18,18,0,435441563479676212959
0x50a32dd491485BFae6F85A6Fee94ef0cAdcc101c,0,WETH,872.534959854187643402,OMG,244,Wrapped Ether,OMGToken,0xC02aaA39b223FE8D0A0e5C4F27eAD9083C756Cc2,0xd26114cd6EE289AccF82350c8d8487fedB8A0C07,18,18,0,872534959854187643402
0x50a32dd491485BFae6F85A6Fee94ef0cAdcc101c,0,WETH,343.422987818184368163,OMG,249,Wrapped Ether,OMGToken,0xC02aaA39b223FE8D0A0e5C4F27eAD9083C756Cc2,0xd26114cd6EE289AccF82350c8d8487fedB8A0C07,18,18,0,343422987818184368163
0x000000001e29fcd9B1469a7954DC65ff254FFfC0,0,WETH,499.501114758241067867,OMG,311,Wrapped Ether,OMGToken,0xC02aaA39b223FE8D0A0e5C4F27eAD9083C756Cc2,0xd26114cd6EE289AccF82350c8d8487fedB8A0C07,18,18,0,499501114758241067867
0x00000000Af5A61acAf76190794E3fdf1289288A1,0,WETH,2626.017121155765658806,OMG,472,Wrapped Ether,OMGToken,0xC02aaA39b223FE8D0A0e5C4F27eAD9083C756Cc2,0xd26114cd6EE289AccF82350c8d8487fedB8A0C07,18,18,0,2626017121155765658806
0xD6000fda0b38f4Bff4CfAb188E0bd18e8725a5e7,0,WETH,722.545697951414068165,KNC,31,Wrapped Ether,Kyber Network Crystal,0xC02aaA39b223FE8D0A0e5C4F27eAD9083C756Cc2,0xdd974D5C2e2928deA5F71b9825b8b646686BD200,18,18,0,722545697951414068165
0xD6000fda0b38f4Bff4CfAb188E0bd18e8725a5e7,0,WETH,333.915118546655446312,KNC,142,Wrapped Ether,Kyber Network Crystal,0xC02aaA39b223FE8D0A0e5C4F27eAD9083C756Cc2,0xdd974D5C2e2928deA5F71b9825b8b646686BD200,18,18,0,333915118546655446312
0xD6000fda0b38f4Bff4CfAb188E0bd18e8725a5e7,0,WETH,2347.088055036226223668,KNC,169,Wrapped Ether,Kyber Network Crystal,0xC02aaA39b223FE8D0A0e5C4F27eAD9083C756Cc2,0xdd974D5C2e2928deA5F71b9825b8b646686BD200,18,18,0,2347088055036226223668
0xD6000fda0b38f4Bff4CfAb188E0bd18e8725a5e7,0,WETH,6045.260487623217887524,KNC,173,Wrapped Ether,Kyber Network Crystal,0xC02aaA39b223FE8D0A0e5C4F27eAD9083C756Cc2,0xdd974D5C2e2928deA5F71b9825b8b646686BD200,18,18,0,6045260487623217887524
0xD6000fda0b38f4Bff4CfAb188E0bd18e8725a5e7,0,WETH,9667.265144427048155459,KNC,184,Wrapped Ether,Kyber Network Crystal,0xC02aaA39b223FE8D0A0e5C4F27eAD9083C756Cc2,0xdd974D5C2e2928deA5F71b9825b8b646686BD200,18,18,0,9667265144427048155459
0xB4C757A71D084dF8F9F393Cc47639701f595fd87,4.482232591529073942,WETH,0,KNC,1051,Wrapped Ether,Kyber Network Crystal,0xC02aaA39b223FE8D0A0e5C4F27eAD9083C756Cc2,0xdd974D5C2e2928deA5F71b9825b8b646686BD200,18,18,4482232591529073942,0
0x1221699827CAbEdbEfE04e08515A296d042c577F,0.0000995,WETH,0,KNC,90,Wrapped Ether,Kyber Network Crystal,0xC02aaA39b223FE8D0A0e5C4F27eAD9083C756Cc2,0xdd974D5C2e2928deA5F71b9825b8b646686BD200,18,18,99500000000000,0
0x2259099897AfAf3813fef3284b91D2B227b66AD4,0,WETH,6572.682448866672500383,KNC,2,Wrapped Ether,Kyber Network Crystal,0xC02aaA39b223FE8D0A0e5C4F27eAD9083C756Cc2,0xdd974D5C2e2928deA5F71b9825b8b646686BD200,18,18,0,6572682448866672500383
0x144Ce006a426227340247C2fF6dCFD058775BD32,0,GEN,0.08568525,WETH,68,DAOstack,Wrapped Ether,0x543Ff227F64Aa17eA132Bf9886cAb5DB55DCAddf,0xC02aaA39b223FE8D0A0e5C4F27eAD9083C756Cc2,18,18,0,85685250000000000
0x52DF85E9De71aa1C210873bcF37EC46d36c99dc2,0,GEN,0.004975,WETH,51,DAOstack,Wrapped Ether,0x543Ff227F64Aa17eA132Bf9886cAb5DB55DCAddf,0xC02aaA39b223FE8D0A0e5C4F27eAD9083C756Cc2,18,18,0,4975000000000000
0x1fa06c90982cA2D27108BA5c533ea1647AaF02AE,99.5,GEN,0,WETH,205,DAOstack,Wrapped Ether,0x543Ff227F64Aa17eA132Bf9886cAb5DB55DCAddf,0xC02aaA39b223FE8D0A0e5C4F27eAD9083C756Cc2,18,18,99500000000000000000,0
0x00000000Af5A61acAf76190794E3fdf1289288A1,0,GEN,0.95162967722185209,WETH,597,DAOstack,Wrapped Ether,0x543Ff227F64Aa17eA132Bf9886cAb5DB55DCAddf,0xC02aaA39b223FE8D0A0e5C4F27eAD9083C756Cc2,18,18,0,951629677221852090
0x00000000Af5A61acAf76190794E3fdf1289288A1,0,GEN,5.671017648417592989,WETH,600,DAOstack,Wrapped Ether,0x543Ff227F64Aa17eA132Bf9886cAb5DB55DCAddf,0xC02aaA39b223FE8D0A0e5C4F27eAD9083C756Cc2,18,18,0,5671017648417592989
0x00000000Af5A61acAf76190794E3fdf1289288A1,0,GEN,0.802428034112843538,WETH,603,DAOstack,Wrapped Ether,0x543Ff227F64Aa17eA132Bf9886cAb5DB55DCAddf,0xC02aaA39b223FE8D0A0e5C4F27eAD9083C756Cc2,18,18,0,802428034112843538
0x00000000Af5A61acAf76190794E3fdf1289288A1,0,GEN,0.841044453527939406,WETH,612,DAOstack,Wrapped Ether,0x543Ff227F64Aa17eA132Bf9886cAb5DB55DCAddf,0xC02aaA39b223FE8D0A0e5C4F27eAD9083C756Cc2,18,18,0,841044453527939406
0x00000000Af5A61acAf76190794E3fdf1289288A1,0,GEN,0.789058338873114581,WETH,627,DAOstack,Wrapped Ether,0x543Ff227F64Aa17eA132Bf9886cAb5DB55DCAddf,0xC02aaA39b223FE8D0A0e5C4F27eAD9083C756Cc2,18,18,0,789058338873114581
0x00000000Af5A61acAf76190794E3fdf1289288A1,0,GEN,0.692521913127817001,WETH,709,DAOstack,Wrapped Ether,0x543Ff227F64Aa17eA132Bf9886cAb5DB55DCAddf,0xC02aaA39b223FE8D0A0e5C4F27eAD9083C756Cc2,18,18,0,692521913127817001
0xA343618637bcECb12A723C9007360c305b0507c2,0,GEN,0.0796,WETH,304,DAOstack,Wrapped Ether,0x543Ff227F64Aa17eA132Bf9886cAb5DB55DCAddf,0xC02aaA39b223FE8D0A0e5C4F27eAD9083C756Cc2,18,18,0,79600000000000000
0x0f1c5F26e6329Ac665B44baF28e3418044b6b983,0.000256759317047175,GEN,0,WETH,741,DAOstack,Wrapped Ether,0x543Ff227F64Aa17eA132Bf9886cAb5DB55DCAddf,0xC02aaA39b223FE8D0A0e5C4F27eAD9083C756Cc2,18,18,256759317047175,0
0x01a6e0f4e7f723C7110BE5A88644eb4763810563,2.079911406418219847,MKR,0,WETH,657,,Wrapped Ether,0x9f8F72aA9304c8B593d555F12eF6589cC3A579A2,0xC02aaA39b223FE8D0A0e5C4F27eAD9083C756Cc2,18,18,2079911406418219847,0
0x95Db47d3e9D574Cd15b0f02c845bC2971b0fC3e1,0,MKR,0.00995,WETH,62,,Wrapped Ether,0x9f8F72aA9304c8B593d555F12eF6589cC3A579A2,0xC02aaA39b223FE8D0A0e5C4F27eAD9083C756Cc2,18,18,0,9950000000000000
0xEC3281124d4c2FCA8A88e3076C1E7749CfEcb7F2,0,MKR,0.0995,WETH,214,,Wrapped Ether,0x9f8F72aA9304c8B593d555F12eF6589cC3A579A2,0xC02aaA39b223FE8D0A0e5C4F27eAD9083C756Cc2,18,18,0,99500000000000000
0x00000000Af5A61acAf76190794E3fdf1289288A1,0,MKR,3.054565357689708774,WETH,639,,Wrapped Ether,0x9f8F72aA9304c8B593d555F12eF6589cC3A579A2,0xC02aaA39b223FE8D0A0e5C4F27eAD9083C756Cc2,18,18,0,3054565357689708774
0x00000000Af5A61acAf76190794E3fdf1289288A1,0,MKR,2.495210988745704555,WETH,640,,Wrapped Ether,0x9f8F72aA9304c8B593d555F12eF6589cC3A579A2,0xC02aaA39b223FE8D0A0e5C4F27eAD9083C756Cc2,18,18,0,2495210988745704555
0x00000000Af5A61acAf76190794E3fdf1289288A1,0,MKR,3.135580681273294509,WETH,643,,Wrapped Ether,0x9f8F72aA9304c8B593d555F12eF6589cC3A579A2,0xC02aaA39b223FE8D0A0e5C4F27eAD9083C756Cc2,18,18,0,3135580681273294509
0x00000000Af5A61acAf76190794E3fdf1289288A1,0,MKR,5.414074845978519468,WETH,655,,Wrapped Ether,0x9f8F72aA9304c8B593d555F12eF6589cC3A579A2,0xC02aaA39b223FE8D0A0e5C4F27eAD9083C756Cc2,18,18,0,5414074845978519468
0xD6000fda0b38f4Bff4CfAb188E0bd18e8725a5e7,0,SAI,36.360227967687071348,WETH,3,,Wrapped Ether,0x89d24A6b4CcB1B6fAA2625fE562bDD9a23260359,0xC02aaA39b223FE8D0A0e5C4F27eAD9083C756Cc2,18,18,0,36360227967687071348
0xD6000fda0b38f4Bff4CfAb188E0bd18e8725a5e7,0,SAI,103.962053050881724161,WETH,12,,Wrapped Ether,0x89d24A6b4CcB1B6fAA2625fE562bDD9a23260359,0xC02aaA39b223FE8D0A0e5C4F27eAD9083C756Cc2,18,18,0,103962053050881724161
0xD6000fda0b38f4Bff4CfAb188E0bd18e8725a5e7,0,SAI,125.713044473490548322,WETH,25,,Wrapped Ether,0x89d24A6b4CcB1B6fAA2625fE562bDD9a23260359,0xC02aaA39b223FE8D0A0e5C4F27eAD9083C756Cc2,18,18,0,125713044473490548322
0xD6000fda0b38f4Bff4CfAb188E0bd18e8725a5e7,0,SAI,10.857075002278783405,WETH,33,,Wrapped Ether,0x89d24A6b4CcB1B6fAA2625fE562bDD9a23260359,0xC02aaA39b223FE8D0A0e5C4F27eAD9083C756Cc2,18,18,0,10857075002278783405
0xD6000fda0b38f4Bff4CfAb188E0bd18e8725a5e7,0,SAI,3.109237924118148807,WETH,100,,Wrapped Ether,0x89d24A6b4CcB1B6fAA2625fE562bDD9a23260359,0xC02aaA39b223FE8D0A0e5C4F27eAD9083C756Cc2,18,18,0,3109237924118148807
0xD6000fda0b38f4Bff4CfAb188E0bd18e8725a5e7,0,SAI,0.757907315097827899,WETH,112,,Wrapped Ether,0x89d24A6b4CcB1B6fAA2625fE562bDD9a23260359,0xC02aaA39b223FE8D0A0e5C4F27eAD9083C756Cc2,18,18,0,757907315097827899
0xD6000fda0b38f4Bff4CfAb188E0bd18e8725a5e7,0,SAI,0.92682858284848018,WETH,130,,Wrapped Ether,0x89d24A6b4CcB1B6fAA2625fE562bDD9a23260359,0xC02aaA39b223FE8D0A0e5C4F27eAD9083C756Cc2,18,18,0,926828582848480180
0xD6000fda0b38f4Bff4CfAb188E0bd18e8725a5e7,0,SAI,2.904453490764264061,WETH,156,,Wrapped Ether,0x89d24A6b4CcB1B6fAA2625fE562bDD9a23260359,0xC02aaA39b223FE8D0A0e5C4F27eAD9083C756Cc2,18,18,0,2904453490764264061
0xD6000fda0b38f4Bff4CfAb188E0bd18e8725a5e7,0,SAI,14.4930299324086091,WETH,186,,Wrapped Ether,0x89d24A6b4CcB1B6fAA2625fE562bDD9a23260359,0xC02aaA39b223FE8D0A0e5C4F27eAD9083C756Cc2,18,18,0,14493029932408609100
0xD6000fda0b38f4Bff4CfAb188E0bd18e8725a5e7,0,SAI,0.321572164062259999,WETH,220,,Wrapped Ether,0x89d24A6b4CcB1B6fAA2625fE562bDD9a23260359,0xC02aaA39b223FE8D0A0e5C4F27eAD9083C756Cc2,18,18,0,321572164062259999
0xD6000fda0b38f4Bff4CfAb188E0bd18e8725a5e7,0,SAI,1.72697175,WETH,253,,Wrapped Ether,0x89d24A6b4CcB1B6fAA2625fE562bDD9a23260359,0xC02aaA39b223FE8D0A0e5C4F27eAD9083C756Cc2,18,18,0,1726971750000000000
0xD6000fda0b38f4Bff4CfAb188E0bd18e8725a5e7,0,SAI,2.573093070175533507,WETH,266,,Wrapped Ether,0x89d24A6b4CcB1B6fAA2625fE562bDD9a23260359,0xC02aaA39b223FE8D0A0e5C4F27eAD9083C756Cc2,18,18,0,2573093070175533507
0xD6000fda0b38f4Bff4CfAb188E0bd18e8725a5e7,0,SAI,0.027457333893626727,WETH,267,,Wrapped Ether,0x89d24A6b4CcB1B6fAA2625fE562bDD9a23260359,0xC02aaA39b223FE8D0A0e5C4F27eAD9083C756Cc2,18,18,0,27457333893626727
0xD6000fda0b38f4Bff4CfAb188E0bd18e8725a5e7,0,SAI,2.9775375,WETH,302,,Wrapped Ether,0x89d24A6b4CcB1B6fAA2625fE562bDD9a23260359,0xC02aaA39b223FE8D0A0e5C4F27eAD9083C756Cc2,18,18,0,2977537500000000000
0xD6000fda0b38f4Bff4CfAb188E0bd18e8725a5e7,0,SAI,1.62469184487175721,WETH,304,,Wrapped Ether,0x89d24A6b4CcB1B6fAA2625fE562bDD9a23260359,0xC02aaA39b223FE8D0A0e5C4F27eAD9083C756Cc2,18,18,0,1624691844871757210
0xD6000fda0b38f4Bff4CfAb188E0bd18e8725a5e7,0,SAI,1.379592375,WETH,307,,Wrapped Ether,0x89d24A6b4CcB1B6fAA2625fE562bDD9a23260359,0xC02aaA39b223FE8D0A0e5C4F27eAD9083C756Cc2,18,18,0,1379592375000000000
0xD6000fda0b38f4Bff4CfAb188E0bd18e8725a5e7,0,SAI,4.450401007079742734,WETH,310,,Wrapped Ether,0x89d24A6b4CcB1B6fAA2625fE562bDD9a23260359,0xC02aaA39b223FE8D0A0e5C4F27eAD9083C756Cc2,18,18,0,4450401007079742734
0xD6000fda0b38f4Bff4CfAb188E0bd18e8725a5e7,0,SAI,0.000000376654814876,WETH,349,,Wrapped Ether,0x89d24A6b4CcB1B6fAA2625fE562bDD9a23260359,0xC02aaA39b223FE8D0A0e5C4F27eAD9083C756Cc2,18,18,0,376654814876
0xD6000fda0b38f4Bff4CfAb188E0bd18e8725a5e7,0,SAI,6.795990050805587576,WETH,368,,Wrapped Ether,0x89d24A6b4CcB1B6fAA2625fE562bDD9a23260359,0xC02aaA39b223FE8D0A0e5C4F27eAD9083C756Cc2,18,18,0,6795990050805587576
0xD6000fda0b38f4Bff4CfAb188E0bd18e8725a5e7,0,SAI,0.003703623579169399,WETH,371,,Wrapped Ether,0x89d24A6b4CcB1B6fAA2625fE562bDD9a23260359,0xC02aaA39b223FE8D0A0e5C4F27eAD9083C756Cc2,18,18,0,3703623579169399
0xD6000fda0b38f4Bff4CfAb188E0bd18e8725a5e7,0,SAI,7.7306798625,WETH,372,,Wrapped Ether,0x89d24A6b4CcB1B6fAA2625fE562bDD9a23260359,0xC02aaA39b223FE8D0A0e5C4F27eAD9083C756Cc2,18,18,0,7730679862500000000
0xD6000fda0b38f4Bff4CfAb188E0bd18e8725a5e7,0,SAI,0.007930174875,WETH,373,,Wrapped Ether,0x89d24A6b4CcB1B6fAA2625fE562bDD9a23260359,0xC02aaA39b223FE8D0A0e5C4F27eAD9083C756Cc2,18,18,0,7930174875000000
0xD6000fda0b38f4Bff4CfAb188E0bd18e8725a5e7,0,SAI,2.9775375,WETH,374,,Wrapped Ether,0x89d24A6b4CcB1B6fAA2625fE562bDD9a23260359,0xC02aaA39b223FE8D0A0e5C4F27eAD9083C756Cc2,18,18,0,2977537500000000000
0xD6000fda0b38f4Bff4CfAb188E0bd18e8725a5e7,0,SAI,2.9775375,WETH,378,,Wrapped Ether,0x89d24A6b4CcB1B6fAA2625fE562bDD9a23260359,0xC02aaA39b223FE8D0A0e5C4F27eAD9083C756Cc2,18,18,0,2977537500000000000
0xD6000fda0b38f4Bff4CfAb188E0bd18e8725a5e7,0,SAI,2.1190141875,WETH,382,,Wrapped Ether,0x89d24A6b4CcB1B6fAA2625fE562bDD9a23260359,0xC02aaA39b223FE8D0A0e5C4F27eAD9083C756Cc2,18,18,0,2119014187500000000
0xD6000fda0b38f4Bff4CfAb188E0bd18e8725a5e7,0,SAI,0.856688481786955878,WETH,398,,Wrapped Ether,0x89d24A6b4CcB1B6fAA2625fE562bDD9a23260359,0xC02aaA39b223FE8D0A0e5C4F27eAD9083C756Cc2,18,18,0,856688481786955878
0xD6000fda0b38f4Bff4CfAb188E0bd18e8725a5e7,0,SAI,0.140556627788253741,WETH,429,,Wrapped Ether,0x89d24A6b4CcB1B6fAA2625fE562bDD9a23260359,0xC02aaA39b223FE8D0A0e5C4F27eAD9083C756Cc2,18,18,0,140556627788253741
0xD6000fda0b38f4Bff4CfAb188E0bd18e8725a5e7,0,SAI,3.172428412177902897,WETH,441,,Wrapped Ether,0x89d24A6b4CcB1B6fAA2625fE562bDD9a23260359,0xC02aaA39b223FE8D0A0e5C4F27eAD9083C756Cc2,18,18,0,3172428412177902897
0xD6000fda0b38f4Bff4CfAb188E0bd18e8725a5e7,0,SAI,1.007888000256963544,WETH,445,,Wrapped Ether,0x89d24A6b4CcB1B6fAA2625fE562bDD9a23260359,0xC02aaA39b223FE8D0A0e5C4F27eAD9083C756Cc2,18,18,0,1007888000256963544
0xD6000fda0b38f4Bff4CfAb188E0bd18e8725a5e7,0,SAI,1.636250834968408759,WETH,453,,Wrapped Ether,0x89d24A6b4CcB1B6fAA2625fE562bDD9a23260359,0xC02aaA39b223FE8D0A0e5C4F27eAD9083C756Cc2,18,18,0,1636250834968408759
0xD6000fda0b38f4Bff4CfAb188E0bd18e8725a5e7,0,SAI,0.9925125,WETH,458,,Wrapped Ether,0x89d24A6b4CcB1B6fAA2625fE562bDD9a23260359,0xC02aaA39b223FE8D0A0e5C4F27eAD9083C756Cc2,18,18,0,992512500000000000
0xD6000fda0b38f4Bff4CfAb188E0bd18e8725a5e7,0,SAI,2.0247255,WETH,460,,Wrapped Ether,0x89d24A6b4CcB1B6fAA2625fE562bDD9a23260359,0xC02aaA39b223FE8D0A0e5C4F27eAD9083C756Cc2,18,18,0,2024725500000000000
0xD6000fda0b38f4Bff4CfAb188E0bd18e8725a5e7,0,SAI,2.213302875,WETH,463,,Wrapped Ether,0x89d24A6b4CcB1B6fAA2625fE562bDD9a23260359,0xC02aaA39b223FE8D0A0e5C4F27eAD9083C756Cc2,18,18,0,2213302875000000000
0xD6000fda0b38f4Bff4CfAb188E0bd18e8725a5e7,0,SAI,4.578270144170829358,WETH,529,,Wrapped Ether,0x89d24A6b4CcB1B6fAA2625fE562bDD9a23260359,0xC02aaA39b223FE8D0A0e5C4F27eAD9083C756Cc2,18,18,0,4578270144170829358
0xD6000fda0b38f4Bff4CfAb188E0bd18e8725a5e7,0,SAI,0.004408449576052796,WETH,547,,Wrapped Ether,0x89d24A6b4CcB1B6fAA2625fE562bDD9a23260359,0xC02aaA39b223FE8D0A0e5C4F27eAD9083C756Cc2,18,18,0,4408449576052796
0xD6000fda0b38f4Bff4CfAb188E0bd18e8725a5e7,0,SAI,0.046945173089084193,WETH,559,,Wrapped Ether,0x89d24A6b4CcB1B6fAA2625fE562bDD9a23260359,0xC02aaA39b223FE8D0A0e5C4F27eAD9083C756Cc2,18,18,0,46945173089084193
0xD6000fda0b38f4Bff4CfAb188E0bd18e8725a5e7,0,SAI,2.524254491761012267,WETH,607,,Wrapped Ether,0x89d24A6b4CcB1B6fAA2625fE562bDD9a23260359,0xC02aaA39b223FE8D0A0e5C4F27eAD9083C756Cc2,18,18,0,2524254491761012267
0xD6000fda0b38f4Bff4CfAb188E0bd18e8725a5e7,0,SAI,2.48128125,WETH,617,,Wrapped Ether,0x89d24A6b4CcB1B6fAA2625fE562bDD9a23260359,0xC02aaA39b223FE8D0A0e5C4F27eAD9083C756Cc2,18,18,0,2481281250000000000
0xD6000fda0b38f4Bff4CfAb188E0bd18e8725a5e7,0,SAI,1.549465603809375,WETH,624,,Wrapped Ether,0x89d24A6b4CcB1B6fAA2625fE562bDD9a23260359,0xC02aaA39b223FE8D0A0e5C4F27eAD9083C756Cc2,18,18,0,1549465603809375000
0xD6000fda0b38f4Bff4CfAb188E0bd18e8725a5e7,0,SAI,0.052536828004452703,WETH,627,,Wrapped Ether,0x89d24A6b4CcB1B6fAA2625fE562bDD9a23260359,0xC02aaA39b223FE8D0A0e5C4F27eAD9083C756Cc2,18,18,0,52536828004452703
0xD6000fda0b38f4Bff4CfAb188E0bd18e8725a5e7,0,SAI,0.707217775093312854,WETH,638,,Wrapped Ether,0x89d24A6b4CcB1B6fAA2625fE562bDD9a23260359,0xC02aaA39b223FE8D0A0e5C4F27eAD9083C756Cc2,18,18,0,707217775093312854
0xD6000fda0b38f4Bff4CfAb188E0bd18e8725a5e7,0,SAI,2.958727260796001122,WETH,657,,Wrapped Ether,0x89d24A6b4CcB1B6fAA2625fE562bDD9a23260359,0xC02aaA39b223FE8D0A0e5C4F27eAD9083C756Cc2,18,18,0,2958727260796001122
0xD6000fda0b38f4Bff4CfAb188E0bd18e8725a5e7,0,SAI,0.1486535596875,WETH,660,,Wrapped Ether,0x89d24A6b4CcB1B6fAA2625fE562bDD9a23260359,0xC02aaA39b223FE8D0A0e5C4F27eAD9083C756Cc2,18,18,0,148653559687500000
0xD6000fda0b38f4Bff4CfAb188E0bd18e8725a5e7,0,SAI,1.985025,WETH,676,,Wrapped Ether,0x89d24A6b4CcB1B6fAA2625fE562bDD9a23260359,0xC02aaA39b223FE8D0A0e5C4F27eAD9083C756Cc2,18,18,0,1985025000000000000
0xd5bC4A8E0704C0A76b9531318a756a9FEf969F95,0,SAI,1.982326104914855125,WETH,3,,Wrapped Ether,0x89d24A6b4CcB1B6fAA2625fE562bDD9a23260359,0xC02aaA39b223FE8D0A0e5C4F27eAD9083C756Cc2,18,18,0,1982326104914855125
0x70Be2645643f7e0Fe6cb7c3531a507D6f9a8FaeB,0,SAI,0.2985,WETH,34,,Wrapped Ether,0x89d24A6b4CcB1B6fAA2625fE562bDD9a23260359,0xC02aaA39b223FE8D0A0e5C4F27eAD9083C756Cc2,18,18,0,298500000000000000
0xFC48b9BFd9AEF12f6B2E0B6DF70E71F51ce72fD6,0,SAI,0.000995,WETH,61,,Wrapped Ether,0x89d24A6b4CcB1B6fAA2625fE562bDD9a23260359,0xC02aaA39b223FE8D0A0e5C4F27eAD9083C756Cc2,18,18,0,995000000000000
0x65a3c844ff07c44BfeF7557973F17b05D9d762E7,0,SAI,0.008955,WETH,106,,Wrapped Ether,0x89d24A6b4CcB1B6fAA2625fE562bDD9a23260359,0xC02aaA39b223FE8D0A0e5C4F27eAD9083C756Cc2,18,18,0,8955000000000000
0x00000000Af5A61acAf76190794E3fdf1289288A1,0,SAI,49.535114408140440162,WETH,302,,Wrapped Ether,0x89d24A6b4CcB1B6fAA2625fE562bDD9a23260359,0xC02aaA39b223FE8D0A0e5C4F27eAD9083C756Cc2,18,18,0,49535114408140440162
0x00000000Af5A61acAf76190794E3fdf1289288A1,0,SAI,79.219955174912011528,WETH,304,,Wrapped Ether,0x89d24A6b4CcB1B6fAA2625fE562bDD9a23260359,0xC02aaA39b223FE8D0A0e5C4F27eAD9083C756Cc2,18,18,0,79219955174912011528
0x00000000Af5A61acAf76190794E3fdf1289288A1,0,SAI,79.530501622921920522,WETH,308,,Wrapped Ether,0x89d24A6b4CcB1B6fAA2625fE562bDD9a23260359,0xC02aaA39b223FE8D0A0e5C4F27eAD9083C756Cc2,18,18,0,79530501622921920522
0x00000000Af5A61acAf76190794E3fdf1289288A1,0,SAI,9.890916396292692468,WETH,309,,Wrapped Ether,0x89d24A6b4CcB1B6fAA2625fE562bDD9a23260359,0xC02aaA39b223FE8D0A0e5C4F27eAD9083C756Cc2,18,18,0,9890916396292692468
0x00000000Af5A61acAf76190794E3fdf1289288A1,0,SAI,9.959648676317433726,WETH,368,,Wrapped Ether,0x89d24A6b4CcB1B6fAA2625fE562bDD9a23260359,0xC02aaA39b223FE8D0A0e5C4F27eAD9083C756Cc2,18,18,0,9959648676317433726
0x00000000Af5A61acAf76190794E3fdf1289288A1,0,SAI,19.8105495,WETH,378,,Wrapped Ether,0x89d24A6b4CcB1B6fAA2625fE562bDD9a23260359,0xC02aaA39b223FE8D0A0e5C4F27eAD9083C756Cc2,18,18,0,19810549500000000000
0x00000000Af5A61acAf76190794E3fdf1289288A1,0,SAI,29.76648446529236519,WETH,380,,Wrapped Ether,0x89d24A6b4CcB1B6fAA2625fE562bDD9a23260359,0xC02aaA39b223FE8D0A0e5C4F27eAD9083C756Cc2,18,18,0,29766484465292365190
0x00000000Af5A61acAf76190794E3fdf1289288A1,0,SAI,79.242197999999997006,WETH,382,,Wrapped Ether,0x89d24A6b4CcB1B6fAA2625fE562bDD9a23260359,0xC02aaA39b223FE8D0A0e5C4F27eAD9083C756Cc2,18,18,0,79242197999999997006
0x00000000Af5A61acAf76190794E3fdf1289288A1,0,SAI,29.715824250000003992,WETH,384,,Wrapped Ether,0x89d24A6b4CcB1B6fAA2625fE562bDD9a23260359,0xC02aaA39b223FE8D0A0e5C4F27eAD9083C756Cc2,18,18,0,29715824250000003992
0x00000000Af5A61acAf76190794E3fdf1289288A1,0,SAI,9.923337526223370572,WETH,419,,Wrapped Ether,0x89d24A6b4CcB1B6fAA2625fE562bDD9a23260359,0xC02aaA39b223FE8D0A0e5C4F27eAD9083C756Cc2,18,18,0,9923337526223370572
0x00000000Af5A61acAf76190794E3fdf1289288A1,0,SAI,9.93922632574797414,WETH,420,,Wrapped Ether,0x89d24A6b4CcB1B6fAA2625fE562bDD9a23260359,0xC02aaA39b223FE8D0A0e5C4F27eAD9083C756Cc2,18,18,0,9939226325747974140
0x00000000Af5A61acAf76190794E3fdf1289288A1,0,SAI,4.94057172405668405,WETH,555,,Wrapped Ether,0x89d24A6b4CcB1B6fAA2625fE562bDD9a23260359,0xC02aaA39b223FE8D0A0e5C4F27eAD9083C756Cc2,18,18,0,4940571724056684050
0xfCC716dF0DF69323D81815450acbCa4551a9D944,0,SAI,0.000995,WETH,292,,Wrapped Ether,0x89d24A6b4CcB1B6fAA2625fE562bDD9a23260359,0xC02aaA39b223FE8D0A0e5C4F27eAD9083C756Cc2,18,18,0,995000000000000
0x4defA30195094963cFAc7285d8d6E6E523c7f90D,6.965,SAI,0,WETH,326,,Wrapped Ether,0x89d24A6b4CcB1B6fAA2625fE562bDD9a23260359,0xC02aaA39b223FE8D0A0e5C4F27eAD9083C756Cc2,18,18,6965000000000000000,0
0xD6000fda0b38f4Bff4CfAb188E0bd18e8725a5e7,0,GNO,0.6897961875,WETH,319,Gnosis Token,Wrapped Ether,0x6810e776880C02933D47DB1b9fc05908e5386b96,0xC02aaA39b223FE8D0A0e5C4F27eAD9083C756Cc2,18,18,0,689796187500000000
0xD6000fda0b38f4Bff4CfAb188E0bd18e8725a5e7,0,GNO,1.200940125,WETH,320,Gnosis Token,Wrapped Ether,0x6810e776880C02933D47DB1b9fc05908e5386b96,0xC02aaA39b223FE8D0A0e5C4F27eAD9083C756Cc2,18,18,0,1200940125000000000
0xD6000fda0b38f4Bff4CfAb188E0bd18e8725a5e7,0,GNO,2.1835275,WETH,321,Gnosis Token,Wrapped Ether,0x6810e776880C02933D47DB1b9fc05908e5386b96,0xC02aaA39b223FE8D0A0e5C4F27eAD9083C756Cc2,18,18,0,2183527500000000000
0xD6000fda0b38f4Bff4CfAb188E0bd18e8725a5e7,0,GNO,0.5706946875,WETH,322,Gnosis Token,Wrapped Ether,0x6810e776880C02933D47DB1b9fc05908e5386b96,0xC02aaA39b223FE8D0A0e5C4F27eAD9083C756Cc2,18,18,0,570694687500000000
0xD6000fda0b38f4Bff4CfAb188E0bd18e8725a5e7,0,GNO,0.65505825,WETH,376,Gnosis Token,Wrapped Ether,0x6810e776880C02933D47DB1b9fc05908e5386b96,0xC02aaA39b223FE8D0A0e5C4F27eAD9083C756Cc2,18,18,0,655058250000000000
0xD6000fda0b38f4Bff4CfAb188E0bd18e8725a5e7,0,GNO,0.823785375,WETH,382,Gnosis Token,Wrapped Ether,0x6810e776880C02933D47DB1b9fc05908e5386b96,0xC02aaA39b223FE8D0A0e5C4F27eAD9083C756Cc2,18,18,0,823785375000000000
0xD6000fda0b38f4Bff4CfAb188E0bd18e8725a5e7,0,GNO,0.506181375,WETH,436,Gnosis Token,Wrapped Ether,0x6810e776880C02933D47DB1b9fc05908e5386b96,0xC02aaA39b223FE8D0A0e5C4F27eAD9083C756Cc2,18,18,0,506181375000000000
0xD6000fda0b38f4Bff4CfAb188E0bd18e8725a5e7,0,GNO,0.5210690625,WETH,440,Gnosis Token,Wrapped Ether,0x6810e776880C02933D47DB1b9fc05908e5386b96,0xC02aaA39b223FE8D0A0e5C4F27eAD9083C756Cc2,18,18,0,521069062500000000
0xD6000fda0b38f4Bff4CfAb188E0bd18e8725a5e7,0,GNO,1.3895175,WETH,441,Gnosis Token,Wrapped Ether,0x6810e776880C02933D47DB1b9fc05908e5386b96,0xC02aaA39b223FE8D0A0e5C4F27eAD9083C756Cc2,18,18,0,1389517500000000000
0xD6000fda0b38f4Bff4CfAb188E0bd18e8725a5e7,0,GNO,0.5706946875,WETH,454,Gnosis Token,Wrapped Ether,0x6810e776880C02933D47DB1b9fc05908e5386b96,0xC02aaA39b223FE8D0A0e5C4F27eAD9083C756Cc2,18,18,0,570694687500000000
0xD6000fda0b38f4Bff4CfAb188E0bd18e8725a5e7,0,GNO,0.6103951875,WETH,507,Gnosis Token,Wrapped Ether,0x6810e776880C02933D47DB1b9fc05908e5386b96,0xC02aaA39b223FE8D0A0e5C4F27eAD9083C756Cc2,18,18,0,610395187500000000
0xD6000fda0b38f4Bff4CfAb188E0bd18e8725a5e7,0,GNO,0.5409193125,WETH,508,Gnosis Token,Wrapped Ether,0x6810e776880C02933D47DB1b9fc05908e5386b96,0xC02aaA39b223FE8D0A0e5C4F27eAD9083C756Cc2,18,18,0,540919312500000000
0xD6000fda0b38f4Bff4CfAb188E0bd18e8725a5e7,0,GNO,0.77415975,WETH,528,Gnosis Token,Wrapped Ether,0x6810e776880C02933D47DB1b9fc05908e5386b96,0xC02aaA39b223FE8D0A0e5C4F27eAD9083C756Cc2,18,18,0,774159750000000000
0xD6000fda0b38f4Bff4CfAb188E0bd18e8725a5e7,0,GNO,2.6847463125,WETH,533,Gnosis Token,Wrapped Ether,0x6810e776880C02933D47DB1b9fc05908e5386b96,0xC02aaA39b223FE8D0A0e5C4F27eAD9083C756Cc2,18,18,0,2684746312500000000
0xD6000fda0b38f4Bff4CfAb188E0bd18e8725a5e7,0,GNO,2.094201375,WETH,534,Gnosis Token,Wrapped Ether,0x6810e776880C02933D47DB1b9fc05908e5386b96,0xC02aaA39b223FE8D0A0e5C4F27eAD9083C756Cc2,18,18,0,2094201375000000000
0xD6000fda0b38f4Bff4CfAb188E0bd18e8725a5e7,0,GNO,0.7691971875,WETH,553,Gnosis Token,Wrapped Ether,0x6810e776880C02933D47DB1b9fc05908e5386b96,0xC02aaA39b223FE8D0A0e5C4F27eAD9083C756Cc2,18,18,0,769197187500000000
0xD6000fda0b38f4Bff4CfAb188E0bd18e8725a5e7,0,GNO,0.023669199498261084,WETH,651,Gnosis Token,Wrapped Ether,0x6810e776880C02933D47DB1b9fc05908e5386b96,0xC02aaA39b223FE8D0A0e5C4F27eAD9083C756Cc2,18,18,0,23669199498261084
0xD6000fda0b38f4Bff4CfAb188E0bd18e8725a5e7,0,GNO,0.682289723220668652,WETH,895,Gnosis Token,Wrapped Ether,0x6810e776880C02933D47DB1b9fc05908e5386b96,0xC02aaA39b223FE8D0A0e5C4F27eAD9083C756Cc2,18,18,0,682289723220668652
0xD6000fda0b38f4Bff4CfAb188E0bd18e8725a5e7,0,GNO,1.128720362626338184,WETH,898,Gnosis Token,Wrapped Ether,0x6810e776880C02933D47DB1b9fc05908e5386b96,0xC02aaA39b223FE8D0A0e5C4F27eAD9083C756Cc2,18,18,0,1128720362626338184
0x0000000000C90bc353314b6911180ED7E06019A9,0,GNO,4.477440750409891185,WETH,327,Gnosis Token,Wrapped Ether,0x6810e776880C02933D47DB1b9fc05908e5386b96,0xC02aaA39b223FE8D0A0e5C4F27eAD9083C756Cc2,18,18,0,4477440750409891185
0x00000000Af5A61acAf76190794E3fdf1289288A1,0,GNO,7.77486192244256264,WETH,275,Gnosis Token,Wrapped Ether,0x6810e776880C02933D47DB1b9fc05908e5386b96,0xC02aaA39b223FE8D0A0e5C4F27eAD9083C756Cc2,18,18,0,7774861922442562640
0x00000000Af5A61acAf76190794E3fdf1289288A1,0,GNO,4.490659659741153724,WETH,305,Gnosis Token,Wrapped Ether,0x6810e776880C02933D47DB1b9fc05908e5386b96,0xC02aaA39b223FE8D0A0e5C4F27eAD9083C756Cc2,18,18,0,4490659659741153724
0x00000000Af5A61acAf76190794E3fdf1289288A1,0,GNO,5.987639850330457377,WETH,307,Gnosis Token,Wrapped Ether,0x6810e776880C02933D47DB1b9fc05908e5386b96,0xC02aaA39b223FE8D0A0e5C4F27eAD9083C756Cc2,18,18,0,5987639850330457377
0x00000000Af5A61acAf76190794E3fdf1289288A1,0,GNO,4.475162629067652235,WETH,313,Gnosis Token,Wrapped Ether,0x6810e776880C02933D47DB1b9fc05908e5386b96,0xC02aaA39b223FE8D0A0e5C4F27eAD9083C756Cc2,18,18,0,4475162629067652235
0x00000000Af5A61acAf76190794E3fdf1289288A1,0,GNO,1.995879950110152459,WETH,315,Gnosis Token,Wrapped Ether,0x6810e776880C02933D47DB1b9fc05908e5386b96,0xC02aaA39b223FE8D0A0e5C4F27eAD9083C756Cc2,18,18,0,1995879950110152459
0x00000000Af5A61acAf76190794E3fdf1289288A1,0,GNO,1.995879950110152459,WETH,317,Gnosis Token,Wrapped Ether,0x6810e776880C02933D47DB1b9fc05908e5386b96,0xC02aaA39b223FE8D0A0e5C4F27eAD9083C756Cc2,18,18,0,1995879950110152459
0x00000000Af5A61acAf76190794E3fdf1289288A1,0,GNO,1.995879950110152459,WETH,322,Gnosis Token,Wrapped Ether,0x6810e776880C02933D47DB1b9fc05908e5386b96,0xC02aaA39b223FE8D0A0e5C4F27eAD9083C756Cc2,18,18,0,1995879950110152459
0x00000000Af5A61acAf76190794E3fdf1289288A1,0,GNO,2.494779709631001265,WETH,330,Gnosis Token,Wrapped Ether,0x6810e776880C02933D47DB1b9fc05908e5386b96,0xC02aaA39b223FE8D0A0e5C4F27eAD9083C756Cc2,18,18,0,2494779709631001265
0x00000000Af5A61acAf76190794E3fdf1289288A1,0,GNO,2.494779709631001265,WETH,347,Gnosis Token,Wrapped Ether,0x6810e776880C02933D47DB1b9fc05908e5386b96,0xC02aaA39b223FE8D0A0e5C4F27eAD9083C756Cc2,18,18,0,2494779709631001265
0x00000000Af5A61acAf76190794E3fdf1289288A1,0,GNO,1.995879950110152459,WETH,436,Gnosis Token,Wrapped Ether,0x6810e776880C02933D47DB1b9fc05908e5386b96,0xC02aaA39b223FE8D0A0e5C4F27eAD9083C756Cc2,18,18,0,1995879950110152459
0x00000000Af5A61acAf76190794E3fdf1289288A1,0,GNO,1.995879950110152459,WETH,440,Gnosis Token,Wrapped Ether,0x6810e776880C02933D47DB1b9fc05908e5386b96,0xC02aaA39b223FE8D0A0e5C4F27eAD9083C756Cc2,18,18,0,1995879950110152459
0x00000000Af5A61acAf76190794E3fdf1289288A1,0,GNO,1.995879950110152459,WETH,441,Gnosis Token,Wrapped Ether,0x6810e776880C02933D47DB1b9fc05908e5386b96,0xC02aaA39b223FE8D0A0e5C4F27eAD9083C756Cc2,18,18,0,1995879950110152459
0x00000000Af5A61acAf76190794E3fdf1289288A1,0,GNO,1.496980190589303653,WETH,454,Gnosis Token,Wrapped Ether,0x6810e776880C02933D47DB1b9fc05908e5386b96,0xC02aaA39b223FE8D0A0e5C4F27eAD9083C756Cc2,18,18,0,1496980190589303653
0x00000000Af5A61acAf76190794E3fdf1289288A1,0,GNO,1.995879950110152459,WETH,534,Gnosis Token,Wrapped Ether,0x6810e776880C02933D47DB1b9fc05908e5386b96,0xC02aaA39b223FE8D0A0e5C4F27eAD9083C756Cc2,18,18,0,1995879950110152459
0x00000000Af5A61acAf76190794E3fdf1289288A1,0,GNO,1.995879950110152459,WETH,536,Gnosis Token,Wrapped Ether,0x6810e776880C02933D47DB1b9fc05908e5386b96,0xC02aaA39b223FE8D0A0e5C4F27eAD9083C756Cc2,18,18,0,1995879950110152459
0x00000000Af5A61acAf76190794E3fdf1289288A1,0,GNO,1.995879950110152459,WETH,553,Gnosis Token,Wrapped Ether,0x6810e776880C02933D47DB1b9fc05908e5386b96,0xC02aaA39b223FE8D0A0e5C4F27eAD9083C756Cc2,18,18,0,1995879950110152459
0x00000000Af5A61acAf76190794E3fdf1289288A1,0,GNO,3.175399063681163261,WETH,580,Gnosis Token,Wrapped Ether,0x6810e776880C02933D47DB1b9fc05908e5386b96,0xC02aaA39b223FE8D0A0e5C4F27eAD9083C756Cc2,18,18,0,3175399063681163261
0x00000000Af5A61acAf76190794E3fdf1289288A1,0,GNO,1.995879950110152459,WETH,582,Gnosis Token,Wrapped Ether,0x6810e776880C02933D47DB1b9fc05908e5386b96,0xC02aaA39b223FE8D0A0e5C4F27eAD9083C756Cc2,18,18,0,1995879950110152459
0x00000000Af5A61acAf76190794E3fdf1289288A1,0,GNO,1.995879950110152459,WETH,584,Gnosis Token,Wrapped Ether,0x6810e776880C02933D47DB1b9fc05908e5386b96,0xC02aaA39b223FE8D0A0e5C4F27eAD9083C756Cc2,18,18,0,1995879950110152459
0x00000000Af5A61acAf76190794E3fdf1289288A1,0,GNO,1.995879950110152459,WETH,640,Gnosis Token,Wrapped Ether,0x6810e776880C02933D47DB1b9fc05908e5386b96,0xC02aaA39b223FE8D0A0e5C4F27eAD9083C756Cc2,18,18,0,1995879950110152459
0x00000000Af5A61acAf76190794E3fdf1289288A1,0,GNO,2.494779709631001265,WETH,646,Gnosis Token,Wrapped Ether,0x6810e776880C02933D47DB1b9fc05908e5386b96,0xC02aaA39b223FE8D0A0e5C4F27eAD9083C756Cc2,18,18,0,2494779709631001265
0x00000000Af5A61acAf76190794E3fdf1289288A1,0,GNO,1.995879950110152459,WETH,650,Gnosis Token,Wrapped Ether,0x6810e776880C02933D47DB1b9fc05908e5386b96,0xC02aaA39b223FE8D0A0e5C4F27eAD9083C756Cc2,18,18,0,1995879950110152459
0x00000000Af5A61acAf76190794E3fdf1289288A1,0,GNO,2.147765515666181109,WETH,675,Gnosis Token,Wrapped Ether,0x6810e776880C02933D47DB1b9fc05908e5386b96,0xC02aaA39b223FE8D0A0e5C4F27eAD9083C756Cc2,18,18,0,2147765515666181109
0x00000000Af5A61acAf76190794E3fdf1289288A1,0,GNO,2.494779709631001265,WETH,684,Gnosis Token,Wrapped Ether,0x6810e776880C02933D47DB1b9fc05908e5386b96,0xC02aaA39b223FE8D0A0e5C4F27eAD9083C756Cc2,18,18,0,2494779709631001265
0x00000000Af5A61acAf76190794E3fdf1289288A1,0,GNO,1.995879950110152459,WETH,739,Gnosis Token,Wrapped Ether,0x6810e776880C02933D47DB1b9fc05908e5386b96,0xC02aaA39b223FE8D0A0e5C4F27eAD9083C756Cc2,18,18,0,1995879950110152459
0x00000000Af5A61acAf76190794E3fdf1289288A1,0,GNO,1.995879950110152459,WETH,812,Gnosis Token,Wrapped Ether,0x6810e776880C02933D47DB1b9fc05908e5386b96,0xC02aaA39b223FE8D0A0e5C4F27eAD9083C756Cc2,18,18,0,1995879950110152459
0x00000000Af5A61acAf76190794E3fdf1289288A1,0,GNO,0.997799519041697612,WETH,987,Gnosis Token,Wrapped Ether,0x6810e776880C02933D47DB1b9fc05908e5386b96,0xC02aaA39b223FE8D0A0e5C4F27eAD9083C756Cc2,18,18,0,997799519041697612
0xDFbe002Af52497f4812748437834e9bE54bc52A2,0.995,GNO,0,WETH,248,Gnosis Token,Wrapped Ether,0x6810e776880C02933D47DB1b9fc05908e5386b96,0xC02aaA39b223FE8D0A0e5C4F27eAD9083C756Cc2,18,18,995000000000000000,0
0x540f6f1B6920A984eCF1932a6C29036028253835,0,GNO,0.0049625625,WETH,313,Gnosis Token,Wrapped Ether,0x6810e776880C02933D47DB1b9fc05908e5386b96,0xC02aaA39b223FE8D0A0e5C4F27eAD9083C756Cc2,18,18,0,4962562500000000
0x540f6f1B6920A984eCF1932a6C29036028253835,0,GNO,0.009925125,WETH,315,Gnosis Token,Wrapped Ether,0x6810e776880C02933D47DB1b9fc05908e5386b96,0xC02aaA39b223FE8D0A0e5C4F27eAD9083C756Cc2,18,18,0,9925125000000000
0x693c188E40F760ecF00d2946ef45260b84FBc43e,0,GNO,3.201225012000512983,WETH,1052,Gnosis Token,Wrapped Ether,0x6810e776880C02933D47DB1b9fc05908e5386b96,0xC02aaA39b223FE8D0A0e5C4F27eAD9083C756Cc2,18,18,0,3201225012000512983
0x00000000Af5A61acAf76190794E3fdf1289288A1,0,SNT,3.902252014205894081,WETH,3,Status Network Token,Wrapped Ether,0x744d70FDBE2Ba4CF95131626614a1763DF805B9E,0xC02aaA39b223FE8D0A0e5C4F27eAD9083C756Cc2,18,18,0,3902252014205894081
0x00000000Af5A61acAf76190794E3fdf1289288A1,0,REQ,2.512044547893633516,WETH,23,Request Token,Wrapped Ether,0x8f8221aFbB33998d8584A2B05749bA73c37a938a,0xC02aaA39b223FE8D0A0e5C4F27eAD9083C756Cc2,18,18,0,2512044547893633516
0xd91E14b8124BCB8986d35048b41Ebb7172d4F4Fe,39113.482870474526715337,REQ,0,WETH,58,Request Token,Wrapped Ether,0x8f8221aFbB33998d8584A2B05749bA73c37a938a,0xC02aaA39b223FE8D0A0e5C4F27eAD9083C756Cc2,18,18,39113482870474526715337,0
0x00ECd4635c80d47A8B5ffBFD2EB794E0Ce6a8689,52253.568363896540086227,ST,0,WETH,224,Simple Token,Wrapped Ether,0x2C4e8f2D746113d0696cE89B35F0d8bF88E0AEcA,0xC02aaA39b223FE8D0A0e5C4F27eAD9083C756Cc2,18,18,52253568363896540086227,0
0x00000000Af5A61acAf76190794E3fdf1289288A1,0,ST,3.9234274467391206,WETH,4,Simple Token,Wrapped Ether,0x2C4e8f2D746113d0696cE89B35F0d8bF88E0AEcA,0xC02aaA39b223FE8D0A0e5C4F27eAD9083C756Cc2,18,18,0,3923427446739120600
0x00000000Af5A61acAf76190794E3fdf1289288A1,0,ST,3.679294815167646845,WETH,6,Simple Token,Wrapped Ether,0x2C4e8f2D746113d0696cE89B35F0d8bF88E0AEcA,0xC02aaA39b223FE8D0A0e5C4F27eAD9083C756Cc2,18,18,0,3679294815167646845
0x00000000Af5A61acAf76190794E3fdf1289288A1,0,ST,3.65216490099120713,WETH,7,Simple Token,Wrapped Ether,0x2C4e8f2D746113d0696cE89B35F0d8bF88E0AEcA,0xC02aaA39b223FE8D0A0e5C4F27eAD9083C756Cc2,18,18,0,3652164900991207130
0x00000000Af5A61acAf76190794E3fdf1289288A1,0,ST,3.651939463382013834,WETH,13,Simple Token,Wrapped Ether,0x2C4e8f2D746113d0696cE89B35F0d8bF88E0AEcA,0xC02aaA39b223FE8D0A0e5C4F27eAD9083C756Cc2,18,18,0,3651939463382013834
0x00000000Af5A61acAf76190794E3fdf1289288A1,0,ST,3.91744981488250254,WETH,19,Simple Token,Wrapped Ether,0x2C4e8f2D746113d0696cE89B35F0d8bF88E0AEcA,0xC02aaA39b223FE8D0A0e5C4F27eAD9083C756Cc2,18,18,0,3917449814882502540
0x00000000Af5A61acAf76190794E3fdf1289288A1,0,ST,3.908030186799615686,WETH,20,Simple Token,Wrapped Ether,0x2C4e8f2D746113d0696cE89B35F0d8bF88E0AEcA,0xC02aaA39b223FE8D0A0e5C4F27eAD9083C756Cc2,18,18,0,3908030186799615686
0x00000000Af5A61acAf76190794E3fdf1289288A1,0,ST,3.694462421708903426,WETH,23,Simple Token,Wrapped Ether,0x2C4e8f2D746113d0696cE89B35F0d8bF88E0AEcA,0xC02aaA39b223FE8D0A0e5C4F27eAD9083C756Cc2,18,18,0,3694462421708903426
0x00000000Af5A61acAf76190794E3fdf1289288A1,0,ST,3.767920511471067346,WETH,24,Simple Token,Wrapped Ether,0x2C4e8f2D746113d0696cE89B35F0d8bF88E0AEcA,0xC02aaA39b223FE8D0A0e5C4F27eAD9083C756Cc2,18,18,0,3767920511471067346
0x00000000Af5A61acAf76190794E3fdf1289288A1,0,ST,3.690208212503280771,WETH,25,Simple Token,Wrapped Ether,0x2C4e8f2D746113d0696cE89B35F0d8bF88E0AEcA,0xC02aaA39b223FE8D0A0e5C4F27eAD9083C756Cc2,18,18,0,3690208212503280771
0x00000000Af5A61acAf76190794E3fdf1289288A1,0,ST,1.920421106558299701,WETH,168,Simple Token,Wrapped Ether,0x2C4e8f2D746113d0696cE89B35F0d8bF88E0AEcA,0xC02aaA39b223FE8D0A0e5C4F27eAD9083C756Cc2,18,18,0,1920421106558299701
0x00000000Af5A61acAf76190794E3fdf1289288A1,0,ST,1.900624859196329742,WETH,186,Simple Token,Wrapped Ether,0x2C4e8f2D746113d0696cE89B35F0d8bF88E0AEcA,0xC02aaA39b223FE8D0A0e5C4F27eAD9083C756Cc2,18,18,0,1900624859196329742
0x224760Fe7B59bb89865C5e47fd21037Ea2AB6d2A,6699.474726725339661743,ST,0,WETH,222,Simple Token,Wrapped Ether,0x2C4e8f2D746113d0696cE89B35F0d8bF88E0AEcA,0xC02aaA39b223FE8D0A0e5C4F27eAD9083C756Cc2,18,18,6699474726725339661743,0
0x224760Fe7B59bb89865C5e47fd21037Ea2AB6d2A,67267.158327153667934616,ST,0,WETH,223,Simple Token,Wrapped Ether,0x2C4e8f2D746113d0696cE89B35F0d8bF88E0AEcA,0xC02aaA39b223FE8D0A0e5C4F27eAD9083C756Cc2,18,18,67267158327153667934616,0
0x00000000Af5A61acAf76190794E3fdf1289288A1,0,LRC,3.698392577392873795,WETH,94,LoopringCoin V2,Wrapped Ether,0xBBbbCA6A901c926F240b89EacB641d8Aec7AEafD,0xC02aaA39b223FE8D0A0e5C4F27eAD9083C756Cc2,18,18,0,3698392577392873795
0x00000000Af5A61acAf76190794E3fdf1289288A1,0,LRC,3.274791430767809498,WETH,125,LoopringCoin V2,Wrapped Ether,0xBBbbCA6A901c926F240b89EacB641d8Aec7AEafD,0xC02aaA39b223FE8D0A0e5C4F27eAD9083C756Cc2,18,18,0,3274791430767809498
0x633180d3ADe89132493301F797e3cD0908D17DDD,22190.591058580299514268,LRC,0,WETH,169,LoopringCoin V2,Wrapped Ether,0xBBbbCA6A901c926F240b89EacB641d8Aec7AEafD,0xC02aaA39b223FE8D0A0e5C4F27eAD9083C756Cc2,18,18,22190591058580299514268,0
0x00000000Af5A61acAf76190794E3fdf1289288A1,0,,0.300064032788121637,WETH,31,,Wrapped Ether,0x985dd3D42De1e256d09e1c10F112bCCB8015AD41,0xC02aaA39b223FE8D0A0e5C4F27eAD9083C756Cc2,,18,0,300064032788121637
0x00000000Af5A61acAf76190794E3fdf1289288A1,0,,0.697732010799180572,WETH,37,,Wrapped Ether,0x985dd3D42De1e256d09e1c10F112bCCB8015AD41,0xC02aaA39b223FE8D0A0e5C4F27eAD9083C756Cc2,,18,0,697732010799180572
0x00000000Af5A61acAf76190794E3fdf1289288A1,0,,4.70750407766342387,WETH,89,,Wrapped Ether,0x985dd3D42De1e256d09e1c10F112bCCB8015AD41,0xC02aaA39b223FE8D0A0e5C4F27eAD9083C756Cc2,,18,0,4707504077663423870
0x00000000Af5A61acAf76190794E3fdf1289288A1,0,,0.200586530193578861,WETH,101,,Wrapped Ether,0x985dd3D42De1e256d09e1c10F112bCCB8015AD41,0xC02aaA39b223FE8D0A0e5C4F27eAD9083C756Cc2,,18,0,200586530193578861
0x00000000Af5A61acAf76190794E3fdf1289288A1,0,,1.798587824132674153,WETH,118,,Wrapped Ether,0x985dd3D42De1e256d09e1c10F112bCCB8015AD41,0xC02aaA39b223FE8D0A0e5C4F27eAD9083C756Cc2,,18,0,1798587824132674153
0x6dd5f1Bf1Ffa6A3173e333c1588f4cDdE8c6799E,1943.535639,,0,WETH,112,,Wrapped Ether,0x985dd3D42De1e256d09e1c10F112bCCB8015AD41,0xC02aaA39b223FE8D0A0e5C4F27eAD9083C756Cc2,,18,1943535639000000000000,0
0x153685A03c2025b6825AE164e2ff5681EE487667,13.93,DAI,0,WETH,2,Dai Stablecoin,Wrapped Ether,0x6B175474E89094C44Da98b954EedeAC495271d0F,0xC02aaA39b223FE8D0A0e5C4F27eAD9083C756Cc2,18,18,13930000000000000000,0
